Id,Category
1279af8a2e8b45a899338b326cef4223.jpg,melanoma
64beb0dfc34a4df39eca5368f97f9275.jpg,melanoma
903d66664ac643ffa31b14073bd1c061.jpg,melanoma
e288f5377fb842b692d7f7b813193b3a.jpg,melanoma
c2a72309c6ac4510aa40dedf7d56f340.jpg,melanoma
61d62472d5624133991260c084ce7003.jpg,melanoma
ef60e88dbea147d1b08a6d32fe48ad16.jpg,melanoma
7dd5be505f2742879cba68b0f04e9a6b.jpg,melanoma
c7a9a329915741618b4de62c4080d534.jpg,melanoma
3f840c82bd844a6eb9c229633f11056f.jpg,melanoma
f6d568b698154d31b2928efbc4af2b19.jpg,melanoma
68a0b4cdd8f64961be2d939824fdc872.jpg,melanoma
fbba2c4b1f98467295e780d6a9fa686f.jpg,melanoma
ff86842703e647368462d82da6284d6d.jpg,melanoma
05520a2541c3432db393ab1c2487f091.jpg,melanoma
61fb4782bd874aef83b89fcb02209c04.jpg,melanoma
2a9a4a944a30467c9ff55306d04982e0.jpg,melanoma
ea0480a228414886866de86213241b39.jpg,melanoma
ac1c4c587cb944af99d7db349d084b4d.jpg,melanoma
9b8048d88e8b464b8b10633b6cdd652d.jpg,melanoma
dc4fbf6586a34de8b5418038a7159bfd.jpg,melanoma
45b2adb9543241e6aec2cda0e5f9cc2e.jpg,melanoma
4f8c2b80fead430899b8e7e7897e718e.jpg,melanoma
93d60f0bfd524077b2d6305a6bc927b1.jpg,melanoma
559035b846d64833b06cbb641b7481b2.jpg,melanoma
d191a94b2092459cb31a4737b9880fb1.jpg,melanoma
64d88e94136048e09e0c61cd50189e6d.jpg,melanoma
0ae7322516d6452ab2cfed780afde21b.jpg,melanoma
dcd73be5f4034f0fac088f1f2fcf1bdc.jpg,melanoma
9b1a2ea144a546faa44ce914bf87c8a2.jpg,melanoma
d6c857459445435ca2f0a73b4d6835a0.jpg,melanoma
ef5a3b443dd3417c8020cc2cfce68cff.jpg,melanoma
d18a8a3efd74417880dff27244d90d15.jpg,melanoma
cefb64ef4fdf4cfbb31b03f422fed45d.jpg,melanoma
b605069083334076bc57c747f4a53696.jpg,melanoma
c9ae9635887741b3b23d0f337ba8849d.jpg,melanoma
4350f55dc62b407ba1d240d46734f19a.jpg,melanoma
0a4d62728ee34d05bfc9b81642ab7551.jpg,melanoma
04fd3fb502d240ca8651b098f92330d0.jpg,melanoma
33fcd7253b7946028d52054f174b7adc.jpg,melanoma
00a55b84710048739a7d66c092c67716.jpg,melanoma
bbc8d8a37c8c4701991a3ebd278e3338.jpg,melanoma
a953e8e8478e4c9bb8c0426f1e4a9867.jpg,melanoma
1d8e65dc553d4d22b25c9e17cb80e5c6.jpg,melanoma
dce38bb218ac46bfbcad4730d1c5a2a6.jpg,melanoma
f82551e9d50b4262883f53af394c851d.jpg,melanoma
b28f5b90f32f44f0ac21df5165552d0d.jpg,melanoma
5035363515a8499a9103f5bd266b5953.jpg,melanoma
d68dcbe427a748a7907fc629f9adba74.jpg,melanoma
cb81937fdf954cb1addee0a96f759063.jpg,melanoma
dca17182b3424c2b904cca7dafdefa53.jpg,melanoma
a949d70305f24e519b5b49d4010e1f56.jpg,melanoma
7cc4249a1eb0490f9974803e7f11dbbd.jpg,melanoma
0469e410ee584e6080589117d57e61eb.jpg,melanoma
0a6ea481b5f143d4997140610c2dbd44.jpg,melanoma
15480317891844469b33a07567fcbefe.jpg,melanoma
03f8b5e7de27414693daabbcb285161c.jpg,melanoma
fd9f6f1d84864b7f9013ca0a4fc905fd.jpg,melanoma
f8c51f350469438f85f6476842263fe9.jpg,melanoma
f1d958f06b3d48b68effa8a2b945f1a0.jpg,melanoma
19352a1280fd4cdcaaef334d864e3e46.jpg,melanoma
42fce97ef6454374a3cef27faec5e85b.jpg,melanoma
6ea06f7fcb4045deaf6bee1c35ed8a8b.jpg,melanoma
e651a1ff67fa439fab41b2f23d5a95cc.jpg,melanoma
62924c11fec94fbda5b668630d31ac0c.jpg,melanoma
f0b548da3e924967b73dd8ba525ab376.jpg,melanoma
1ac60d5805df40d88b2970bb7c2259ea.jpg,melanoma
1a576d684ffb442ba02f4a502ac58bd9.jpg,melanoma
db7f890481464dd690d1aa4bf57345a3.jpg,melanoma
0477929e5e4243e59322fef95a187255.jpg,melanoma
23e4975026c54a4d9b05899c7302a66e.jpg,melanoma
7f7cf0ee8fc54fbd8c089a9724565853.jpg,melanoma
b96da45870a840488832b82515699b6e.jpg,melanoma
3e89f2c974de413a9f6df931f17b5244.jpg,melanoma
e85640464e284f30a4ae4c231329ce45.jpg,melanoma
42d0aac46d5047e18bd007de9fdeefd1.jpg,melanoma
dbce1b3ce45a410eb9347ad4e90c5a23.jpg,melanoma
90ddc7041421443da27cd8c75c1654ed.jpg,melanoma
8b897c4aa0ac47a7b57eae23d2b84d8d.jpg,melanoma
58afdc7e20af4e60ac0fa79cc5f4515c.jpg,melanoma
c7677dde30fb45169b2011600039c3a2.jpg,melanoma
bc11cfc707bd4aefb9f64745c864ea85.jpg,melanoma
87037d94d07f4c5092da66602b855827.jpg,melanoma
534065fa9e4b44d69b33b98aac00ef3a.jpg,melanoma
2d3d7786cdf34f55baed043589a10ad2.jpg,melanoma
8e072a05127f4cf38cb6d9e42a3b783f.jpg,melanoma
371770b84cd5489c9b8050751a8c7c39.jpg,melanoma
09bc5805bdae487eb9f24921f8ea9179.jpg,melanoma
a417aa2f044a45ed881e1af1d5f73a93.jpg,melanoma
8c79b471f11246c4ab9722068af80223.jpg,melanoma
8a62520694574f4eba8105901ef0fec1.jpg,melanoma
bd2edefaddb44776aae72633e6a9430b.jpg,melanoma
3de71340f43644cbb8f1c2623a5f27f0.jpg,melanoma
d8d9f40eb0b14b4ba28a0bb5b96c0d6b.jpg,melanoma
2730fe1cb2f14a338176cc26a47f0be0.jpg,melanoma
47e8390b22404f9fbe5f7c1affc3a4b7.jpg,melanoma
8918519feab7456382652c08e42b285f.jpg,melanoma
2754852da7d743b4a9370f725be68fbb.jpg,melanoma
0d83546cf3eb4fd887ce2126af8150ef.jpg,melanoma
163603ea0c344fd187fa5a79c612a2d0.jpg,melanoma
8b0197c124944132832732a364912a45.jpg,melanoma
7f2f98ad09f34610aad5f100d9c3f55b.jpg,melanoma
cc2131d4419741b5ae8265067e103e4d.jpg,melanoma
cefa91240df14513b3032ebcaff327ec.jpg,melanoma
2a3f40db584f473abf8335df6e052695.jpg,melanoma
f4fa9cef00174cef90fce92ecb597bc0.jpg,melanoma
51a52de2c53546f8882de63a2376a17c.jpg,melanoma
b3971e6e045a40b08118a8786d3071fb.jpg,melanoma
9117b60b89814f0db955c80d456f7c61.jpg,melanoma
efed666d6a8d433fbaedc774fec4680c.jpg,melanoma
02ff47b8c13e425d840dc362993ad828.jpg,melanoma
0a8d09a8dc3c400cbca306a5bc96d564.jpg,melanoma
3eb6485897b942a3bf017ed25cb07483.jpg,melanoma
d3bd9c13e118477099c81c9a79735cd4.jpg,melanoma
35ab8c36521a4ea5965dfa7b6029facc.jpg,melanoma
d03dde1b34674a0896be867ecb659aa4.jpg,melanoma
a3783e64e16d45649cafdf63cc1f8094.jpg,melanoma
1dc7d925b9c649ad84bdd470e2bf7fc1.jpg,melanoma
8c8e088611f6421a944177b21b136596.jpg,melanoma
4c3bd0f5dd7c43819923ee4c7ddfb165.jpg,melanoma
c16ab59b04d14e7fa393c84ddc9c795c.jpg,melanoma
c9a2f94d822e42adbe3244fb4e236f41.jpg,melanoma
91908d31782d407daacb6cc7f6d2b855.jpg,melanoma
fa33e73f35a844d4900bc37cfaafd399.jpg,melanoma
91eca7cf47334214bc7b784ed8702869.jpg,melanoma
e004d2e02a7a49a7a0299616cd8ffe1d.jpg,melanoma
bd99a71889a64d4cb2387f8cd2eae5f6.jpg,melanoma
624bf1caca41468c931bad5d5eca379e.jpg,melanoma
bb0207b34ad64fc796b8ab3995c2bf5d.jpg,melanoma
387fd1cdf87c44bea6a90f23aef2acc4.jpg,melanoma
51b70c7e396d4b4ba6a676984cc1cffe.jpg,melanoma
ff6a29164d5c4599b08bbce0dc991a2f.jpg,melanoma
4881351e9fe64a2b88bf3a8c1800c89a.jpg,melanoma
925e7501fa214e4fb874db14c09b5f50.jpg,melanoma
edc90fd03205468c8aa52e2e44494de5.jpg,melanoma
67fc8f9d015b4dbfb1c3ff95b8170b1e.jpg,melanoma
4107a8b3f0844825a6c2cd448d588d77.jpg,melanoma
ea10cfd7d49946beb2d0f92eeba53a03.jpg,melanoma
b5212884f69d4b25891ed024ec9dbef5.jpg,melanoma
fd92998db8d449489c945034d04688df.jpg,melanoma
1142ed02092f4235bef0376527cb0adb.jpg,melanoma
fc03236462684c90a48d2225872056d9.jpg,melanoma
761926cd635049b7bbc8e143fb862103.jpg,melanoma
fe6f53487a7d4d7eaa9ebf82fa76bbb5.jpg,melanoma
98350c6ec7c240d081038e894fdc4a61.jpg,melanoma
d2951ef72edf4e3da0b0e125570b0a36.jpg,melanoma
278f7b705cd74d1b9fa1633fa767baed.jpg,melanoma
50692e92f7c448f1902aab245fc454b5.jpg,melanoma
bb10df1b36a54b53bd0e0860c81bc969.jpg,melanoma
3b4782a49c1d4f87897ad1b3d57a20d1.jpg,melanoma
ca85ac779f9e41cba7048d0188386340.jpg,melanoma
042fb06c65024929bd4e72e93f688896.jpg,melanoma
4d1b4d733edb415a939719381f1ad01b.jpg,melanoma
83729c643cee41cc8d5ed4362a1eb286.jpg,melanoma
245343651ebd49b9922e59f50ca204f3.jpg,melanoma
540f23afbafa44c6a4be210f2063e782.jpg,melanoma
483c760e7e87460a84743e4131478fea.jpg,melanoma
59f3d61304b9482da6c694236fc5e05e.jpg,melanoma
c6d57a9d43e84ec2a73a9fd70729172e.jpg,melanoma
a8c5286f65164168b9ac6b0b68b0de9f.jpg,melanoma
6e2eadcab47a4a0d8cae6f606d96d7f0.jpg,melanoma
dbff2f478f6341b7942f2ba9c3c67e6c.jpg,melanoma
4865786ddb504b0598e976342b834d3b.jpg,melanoma
4150d9b84bad466aaa444272a3921e25.jpg,melanoma
b943e25a42854b20bb76dd392621bfd8.jpg,melanoma
f628b13376de4a908dbac599865e2c5d.jpg,melanoma
c9f65bbd29934dcfac0cb5b778cf515c.jpg,melanoma
4ec72b0e0307497697f2fff284c745e3.jpg,melanoma
d26cd4a84c3447fd8919a135eaeac768.jpg,melanoma
7f1e740beb90407bb144c34f53629097.jpg,melanoma
abd05e5eef23461ebc3f88bd221944da.jpg,melanoma
a9a3ebdac3954eeab000515066648b34.jpg,melanoma
d6cc0a922e694a0cb835209bc1a93fef.jpg,melanoma
d1edf36a198b48d9a833ad0d7e585f79.jpg,melanoma
8a4efe664f9541ed9fe75b391a2184ae.jpg,melanoma
6a72d1e9ff45498faa6c0e11ae841350.jpg,melanoma
23fdacc70c4c49c6bb40c442037d15d4.jpg,melanoma
6c1ef0f3d03a4d868489044628858e5b.jpg,melanoma
29e9ab3678bb477dbec0319b9cb2be38.jpg,melanoma
77933afa643a46b59b59fc49d092f42e.jpg,melanoma
44c63daaa1964ee085c4c9be1b51cb99.jpg,melanoma
c67d63461867420fa3502ad77d0df408.jpg,melanoma
3c3b48136fd74355a739f727924c551c.jpg,melanoma
5d5b11899515432d868dd2b8ce5a8dbe.jpg,melanoma
504a6a493d734fa4bf094d8ba4fe783e.jpg,melanoma
6a6e64af178c4c20b7613edfb86701aa.jpg,melanoma
70fddaf5f85a44c5b8cb9a4f01ab95ed.jpg,melanoma
d8a9e64b645d4ac88da8f1fe5fb1c960.jpg,melanoma
fc755f59fe934c0eb8b60b5dfe3c04a0.jpg,melanoma
26f5c234d6c8437fb1831621bc75b9e1.jpg,melanoma
0ec0dd5aae474299b3a65bd256142208.jpg,melanoma
51df7f76eb214bed98c36f6e4872fa86.jpg,melanoma
fb9ff3e7175d41bab2f45c689e917acc.jpg,melanoma
c0b85b79ba4643728b89060f87f6aaa5.jpg,melanoma
df7e7feba632411e88b1ee039074c41d.jpg,melanoma
3ffaeca3eb194d0a8d3b0e8dbfba12da.jpg,melanoma
dc2d43f09d264d0b91a3b40b11b0768d.jpg,melanoma
6306703dfe14456e807612204a5f9b27.jpg,melanoma
f707782996d84a83914c08ca86ffc8fb.jpg,melanoma
fefe293b884749cea1b4ce16864f7b5e.jpg,melanoma
74c93cb701d9470da71490e410951db0.jpg,melanoma
77dd386262434c7dacf3ab8b47a79664.jpg,melanoma
77e6bf34974d4407898abd81122d1d86.jpg,melanoma
7a0439b785c44455ac9c37c16c9a5b0c.jpg,melanoma
a1034df6c8ac46069f8a0877dfdb102c.jpg,melanoma
6d3d8fa6a61c4d61abe680aa4ecb9336.jpg,melanoma
4832ccad24f14f11867c92f726f30799.jpg,melanoma
90811375ad564836b7f790fc67a99227.jpg,melanoma
b11a765a368244ffb1317cf481473b88.jpg,melanoma
3e24a2d9e4534d1fa7fa075411d02d0c.jpg,melanoma
792c6260561149db84632c06fb84b176.jpg,melanoma
1d8f5dcd42e646738139296bf800cf9e.jpg,melanoma
3bb5ff296da24170b472f140e9c36ea1.jpg,melanoma
d31462c896f946e7b12ad0693594692a.jpg,melanoma
3664fe4a71c7448887fb0abd6e58c5aa.jpg,melanoma
dd08c817e951494ba301eac50da4ae56.jpg,melanoma
2a74ca9c87c44e9ab7ae6d3e7767f975.jpg,melanoma
8f14b02a42424894b2a53ae756117d88.jpg,melanoma
72a366c294de4eeb890222e6eae0491a.jpg,melanoma
ca7adcba64894f2c8347a1505abcb1d3.jpg,melanoma
24c59d9c036b4b75be4afc978c420939.jpg,melanoma
03fbc8f3f5a6480187c6c34d17254b5e.jpg,melanoma
d894f551933445fc9f0e63a2bf93b130.jpg,melanoma
848be64e4892498da207f77087b240f8.jpg,melanoma
979123c471d04d43933d9024201d2b8e.jpg,melanoma
a9dc71dae42b4e84b08893ec19bbf52b.jpg,melanoma
c5fe507a9ae14d32abb794978f815e91.jpg,melanoma
0c4232c41ba049ac9f9070a8be927c1f.jpg,melanoma
0ba552507c4344f09bd56f2f9ec18780.jpg,melanoma
48b3439324464beb9d62f20d534af789.jpg,melanoma
71ea98e61561463c86c01808772f847d.jpg,melanoma
d88a9d1ed7cb449f917249d8bf15bd39.jpg,melanoma
f46e20d873bc4648a48902dcd30a0fc0.jpg,melanoma
f58a3dd7cde243b0a74ac797544f58e3.jpg,melanoma
5658ca77351a49228bd9790d1b95d0d6.jpg,melanoma
da5ec0efee3947b7b41c22f61aedc9ce.jpg,melanoma
579b7983a14d4c2db6725e8661980947.jpg,melanoma
9e5a9e1c05f6445f90102a40a474e433.jpg,melanoma
63b437ca2c2e4a208f6cbce2016594bc.jpg,melanoma
c37752fe84af42b783e7958e8f6e654a.jpg,melanoma
08e5af7712004f65802e115b77ade184.jpg,melanoma
d77c424d0b79439c90eed222c5d3910d.jpg,melanoma
3b72556152824876baf1ba4b349816d6.jpg,melanoma
cd36ddbf8e55452b87e044328af6eb12.jpg,melanoma
e9b673d09d2a41a09e8c798b1922d3d7.jpg,melanoma
f0fc645d5be94c4c8cb12a3f1fd6320b.jpg,melanoma
a9a304df726240219fa63486a4714157.jpg,melanoma
7b90f0a95f724ecab0a041acfbf7d18e.jpg,melanoma
d109309c41204b1ba8c4047e4d06b18a.jpg,melanoma
5e47d2df8b0a4fedaff2f0bc6beb3ac7.jpg,melanoma
e3ceca2d16d44a0d934f0cdbf11842e7.jpg,melanoma
8bc63e5765114bf88704a5b6fdbee5a3.jpg,melanoma
c0173bd324a347c1b97a823d9ada007b.jpg,melanoma
2fa38f4c33f044c4b915ff384e758809.jpg,melanoma
34dd5ac3e0b44156b868efc8ae806e22.jpg,melanoma
31d04f485f8a41c3b8af47f5b36bdccf.jpg,melanoma
b756891351bd4a479c39a0527fef7fa4.jpg,melanoma
0f9432d2ea9f4c1d885758d7495700c5.jpg,melanoma
be8cb411ae5549db9795ae0f46494cdd.jpg,melanoma
5b2c8572004d4fdcaa03844c0d53e583.jpg,melanoma
2c1cc8f3219246f6b1c0269c5773f4af.jpg,melanoma
fe38a6adc2f24b24b77602f730c4e22c.jpg,melanoma
38c74f369fd84fe886ff44cec078bb9a.jpg,melanoma
42db8eeebc5d49e98fa6265283645754.jpg,melanoma
623309489b2142f09df4b74741b93489.jpg,melanoma
bb3b7f1f76f342c7adc0d14ce2a1aac3.jpg,melanoma
35672c0c78124df685c41c549a70b124.jpg,melanoma
a2bd710d7e104193a46c2d7e77f981b5.jpg,melanoma
f5af0d9a3cdf4d57814f2e0dedc6acb7.jpg,melanoma
c616d6aec879490fa653c1e2d28d47b2.jpg,melanoma
89e181cf857e44ad8ef6e66bc5d24831.jpg,melanoma
3ad647427a824c2abbcdae3d8863ee47.jpg,melanoma
d017cc2d44d2470a9f52e7b3163034c9.jpg,melanoma
f3f568f87bf04165af8f07dcc14d7474.jpg,melanoma
1aee2678f42243a3b0a6e13e8b342d24.jpg,melanoma
e3c86a97e29c438f8ef80daa4a87093a.jpg,melanoma
0b15b6ba658d47498e7cfafe6a369bf0.jpg,melanoma
b3e6bc0a397644b588a408f46998da79.jpg,melanoma
e8bf9f14eea646338ffc79ac90dc3ddc.jpg,melanoma
8cb74f57f04941fd81233bf0b99e573d.jpg,melanoma
291b855166cb4350b7fe8b5829401280.jpg,melanoma
1367a399778d47a8813000bca330e47f.jpg,melanoma
87d28c6685884bc8a91e06cbd4a36e0d.jpg,melanoma
63a9651e50b64a1a96572b23889915c4.jpg,melanoma
388a36c5855448988dfed1d9420bf344.jpg,melanoma
e8fb96ffa938434397941338a8541f8f.jpg,melanoma
081fbb54b057468487b6c9cf5f33aeb2.jpg,melanoma
3d13d81538814e9793a3e8e53916adba.jpg,melanoma
c7be68277a434898b77e4eb0a9ac627a.jpg,melanoma
ccdcda2ed68d411687e46b02b485e1c1.jpg,melanoma
fc64745b4b2d4016a5418f7c42dae6a3.jpg,melanoma
8b2a268a849a48d3a32c96a8d341dc83.jpg,melanoma
a95f5282d2f240fbbc1ec9f979ddd5a4.jpg,melanoma
9515a9647d8b4229803a949986de3270.jpg,melanoma
2382824cd0704bea9029a713a998fb2e.jpg,melanoma
ed73be2435a449de929671c01334b791.jpg,melanoma
5a5c070cf7ec46fbb8eb62711755f3f7.jpg,melanoma
7902e39415824442a814f0bee1a10b57.jpg,melanoma
884f84860ecb4184ad9eb99ea83a4214.jpg,melanoma
4f80a7306f0247d9b5a9cb97cc43bbc4.jpg,melanoma
5f786355a34b489ea25e3fad77bfb8cd.jpg,melanoma
871e4e4d8c8b4b4aaeea88e8f59d56e9.jpg,melanoma
90d607f8cb554256be96465c344a52f6.jpg,melanoma
0d5e244ad0714428827971dc6568df00.jpg,melanoma
47d20d917eae49aca92ec9fb9cac548f.jpg,melanoma
ec30641e5eba4131b457f50baabfa158.jpg,melanoma
4beecab6c07f4ebcb4405ad8262beb11.jpg,melanoma
4fa3c45b4afc4abd94ef515613b00678.jpg,melanoma
9b5c8ec48e5148fb8d7b709e08b84347.jpg,melanoma
97e9ddf2cb2840f085b775a503134e9a.jpg,melanoma
0c055bb5a75245999927388601e14f22.jpg,melanoma
a4b8e812482c48bf8ef1401a270fa856.jpg,melanoma
360654f906774acf999a47d3a9f49872.jpg,melanoma
d9d49c66286f48b7828c1617b6c7c753.jpg,melanoma
1da7bbd4950e4a588cba1896b253d560.jpg,melanoma
82f7c695217647bba6cdc1b756d4ccaa.jpg,melanoma
aacb5d2e372e472894207d3263df2029.jpg,melanoma
34f1697b616b44a9a8bc272112125e55.jpg,melanoma
b500cdbce54b4e71a550f5505f779fd5.jpg,melanoma
caa498ab8c5f4d9590e62fbc60ad0491.jpg,melanoma
005ac27426d24e56b194e937dc5f0f29.jpg,melanoma
53ee60d0b38d4039a81d4e12aa102b98.jpg,melanoma
01a731467a6a4e6c965ec6a536c946b2.jpg,melanoma
72f43cdb1c6d4506b5a46ffd318cd5cc.jpg,melanoma
b929535fb4ff486993e0308b33e782ba.jpg,melanoma
1bd5fa2313104bbb950f6cb5ffc7939b.jpg,melanoma
da9f90e1c9cc4c38b2b57a4e99fc4b0a.jpg,melanoma
712ce237412d41829af3a11b2e5373f9.jpg,melanoma
538ff07b8242427a9e340fc452706165.jpg,melanoma
a826b7f41efe4e0b841a9520ea7973ce.jpg,melanoma
839866a0ccf24225b5fb8f1f27f4b9cb.jpg,melanoma
609c0772eba7480d907c3a09b877e514.jpg,melanoma
f1958342b29d4293bca6ff5e2882510c.jpg,melanoma
f2599532ebc84c14b3cbe18b37c20ce9.jpg,melanoma
31b851fe0aba43468232cced5fbb643a.jpg,melanoma
ff75ef9d24654235915236454b739730.jpg,melanoma
f6de2a9b295f420fbd2cac1fdac64814.jpg,melanoma
31eea08d28a241108030d8e26fa3ffba.jpg,melanoma
5452f548eb84474986108a8ee8fd296e.jpg,melanoma
52fb4edc952d43839b13a97f70b6362f.jpg,melanoma
57979369811d4cb7aa95d25129e5cc23.jpg,melanoma
d6e822895ba842dd9a2135ebaee3d9fd.jpg,melanoma
0b494ccfabc34382938ec9428c1cda95.jpg,melanoma
dca8c37c647c4767a9a5923bfbbc83a2.jpg,melanoma
54f2cfe3c53b4a8098942b608140b8fa.jpg,melanoma
3ec9e8f4a3994504b2e82e05564e3a7a.jpg,melanoma
ba7b3f20fcc64bbe899ae2942f7fc0be.jpg,melanoma
0adf8dd516df4eebbce737ceafb4400c.jpg,melanoma
d3b417e7ea2745dabcad267877097c94.jpg,melanoma
37c783531eeb4ec593a4efc354d449d5.jpg,melanoma
95ec4977227a46b9bf84b2951e117da3.jpg,melanoma
fee493563aaa4025a7a6c2dee7c3e21b.jpg,melanoma
2c943f1f23b14139ad17334a37933b99.jpg,melanoma
c2df4336d0214bd59fcce9e6529be0f8.jpg,melanoma
7254149cf6df40a3bf3e4783b40bddd5.jpg,melanoma
4d6c6aa68add4990bd04f58498caeb87.jpg,melanoma
22815ca9db864a48a2531e0cbe70dd9d.jpg,melanoma
28f0c6f8ec0d40acbdf459d5fae751ab.jpg,melanoma
32995db0a6964f348530a25836466f86.jpg,melanoma
8afc506a6c0d497c888c1e7bccf2ceaa.jpg,melanoma
d17cd74baf374d88a4e7321de6fde6d1.jpg,melanoma
3641dbe5ac764f8ba39abdf41d5a7e87.jpg,melanoma
a4568145e2b64472902d39f4d37ca541.jpg,melanoma
c475bbe2b7044303aa774bedf54ecbf7.jpg,melanoma
8d614cf0bc51413596e3c937a46af764.jpg,melanoma
573e1563b3524dac91321a12dbec270a.jpg,melanoma
57d8dc8c36954c2e8494f977cff0ff68.jpg,melanoma
2335755e2f4f406f9f3c73075513eb51.jpg,melanoma
f152a98d41ac4764bb1bdc6ce05e310c.jpg,melanoma
510eba1858b045dcbf64fc7ae0be5f77.jpg,melanoma
8695bfd913a44f99b52e0addddb0ff7e.jpg,melanoma
f314c66fa4e1432391473e40a364b892.jpg,melanoma
ab4a5873fc0845b6bb2a5e76286bd997.jpg,melanoma
d818a04327214e09a47555e2f511f064.jpg,melanoma
f0745a4e090440259d451323cbac1f32.jpg,melanoma
78d63fdd5eb94c09954b40b9c8bb29ea.jpg,melanoma
603645fc73784f298e14442af360e72d.jpg,melanoma
2a308d0f678648c28a6c8b35c9501c83.jpg,melanoma
595d499ab97b4bd686817e355f296381.jpg,melanoma
fe85f0642ed04774be546934a6a64a08.jpg,melanoma
a3ee6705b9424bbf82c37f29af1d6970.jpg,melanoma
2f2ba59ad0f4455c8b0bdc9e1ca1ae86.jpg,melanoma
1321fc2268ef4d74a93f6abb63fff2e5.jpg,melanoma
9c10eb96d39641269b1a8325c99fbfb5.jpg,melanoma
bb7b920950534d6ea3867dc7fa8208bb.jpg,melanoma
48a23b346bb74e68ae6c20a17ec32102.jpg,melanoma
f4f5adc8fd614fe793ab28772240f721.jpg,melanoma
3ba599b346ce4adfbda4bd574eeddc50.jpg,melanoma
3dbac193b8614ec48005384c157ee507.jpg,melanoma
7da6cd4207494bbd9b16076ecfd113ee.jpg,melanoma
44b3f5b8db874048b36f0fc1b2b65f09.jpg,melanoma
7f58426bdefe47d0a1cab8428bacf03b.jpg,melanoma
0d39fb9ef9e44f93bdbf3aea32c58612.jpg,melanoma
29799f3c8781416cb3653cfd565d1bdc.jpg,melanoma
9f5fb77102cc496ea3f6fa27762f64f3.jpg,melanoma
1a6343000cba46029917daf3a5d50dc0.jpg,melanoma
f37b3fca393f48c4b19b674da8ac597b.jpg,melanoma
fef71ed2760d4addbbf483a2b4b45451.jpg,melanoma
7be8cd6dc4374e1c80763b6571f3dd2b.jpg,melanoma
04b70c5a6f0f4190913eefd6481eacec.jpg,melanoma
16d113af5c7643dba2b5329b3ccbd659.jpg,melanoma
80ca43fd1e9e46ac87cf9a34f0d18ecc.jpg,melanoma
c1532a2e59ff41349079ac307942a708.jpg,melanoma
950b30db5387413dae53ca3fddb7d44b.jpg,melanoma
810313bd5c444dc2a0ad0a3a8e9cd76e.jpg,melanoma
890462ea214440e083beec542fd0d5df.jpg,melanoma
0b3c11ff734e40ad882a040ab1224952.jpg,melanoma
a1ea185596c64d2abd62c0597cad35ca.jpg,melanoma
bd13d24e952343d8992b36b40a035445.jpg,melanoma
16d5e24ff5cc43668f2998b317d3d633.jpg,melanoma
450299eaa19349ad9738528f20780d31.jpg,melanoma
55f1df31bbdb48eb9f097357c3919904.jpg,melanoma
3442dec3f2f64c0c941c250725a5c4ef.jpg,melanoma
878310c281ce4389bdb4e947ef23b756.jpg,melanoma
1ffab4b085b14ea98c921957b463b7f9.jpg,melanoma
0cbf540ab7724cf3900279ad3bd7a48f.jpg,melanoma
ae81db8392924062a231714029ec81e5.jpg,melanoma
2047652bcf91425f9f5aa85073ac50dc.jpg,melanoma
ab9d0161993f4627a247315c95ba0740.jpg,melanoma
edbddbadb3854271b5336737592646a4.jpg,melanoma
22da031ee86a47019ed1fbefe589ee91.jpg,melanoma
4a4e69070009418ebaedfd58f1a5dec4.jpg,melanoma
8a167aebb6da4a26aa7f20217a066f30.jpg,melanoma
5ce3ef025af344698f7ca325e73673ee.jpg,melanoma
26beba668a8d46e4a28a9cf186b65e1f.jpg,melanoma
7bfdf76b1ea643d2849e4ef65e86905a.jpg,melanoma
2786b0be30d04a009395674c2b627908.jpg,melanoma
e8245e1fc9c740a2a91712bd0258beff.jpg,melanoma
392f269ccd6e4771bd74e7020c48e26c.jpg,melanoma
1936d18eaed9473bb86505a9cffbccf5.jpg,melanoma
6f8cd21befca411981597d7c43c3b58d.jpg,melanoma
43a08ff0831b4c8eb2d497a2c3722509.jpg,melanoma
510c34b41bbc42258c942aad1381a448.jpg,melanoma
b927f1e920af4d869c68459f698676d3.jpg,melanoma
d1b61e5687b14b00b8f0599dc74574ad.jpg,melanoma
145d67a61b944b348636b48c1cf82270.jpg,melanoma
d9a8fb98ed864b6792c721ce38d417b8.jpg,melanoma
6100281ba7bc4e71b27f8b0b2db718c7.jpg,melanoma
02a320251a2b4b1283c0362063234b7a.jpg,melanoma
bcaad79178464ed09f92bbc212bcfa5c.jpg,melanoma
44af9db17dc946698026f776213a3d2b.jpg,melanoma
19772612c444444ca1a712eda845685e.jpg,melanoma
2d0109458166437c9809fff90fadfe21.jpg,melanoma
e2601d8aa3814495afebe9b58f940517.jpg,melanoma
0c088886923740a19c9e9c14de7806b2.jpg,melanoma
4267a097eb5147eeb83575867b590b3b.jpg,melanoma
97b46b07dfa0495fb6f7886d6a662867.jpg,melanoma
c1704636d27943bbabc80590342dbb2d.jpg,melanoma
f5f4d694078c455f8d8035b090b8d83e.jpg,melanoma
5b109f89e00f4c6a8304f31c1e3065bd.jpg,melanoma
d2244daa29c3475197cbd4888669be9f.jpg,melanoma
914419ce2502447e8d63894f499b40c7.jpg,melanoma
0d477cab005048c388b4a3ac63d286fd.jpg,melanoma
e63ee504dbe344cfbbbeb38214a21897.jpg,melanoma
bcbbdca8e0b44c83a26716fde5781664.jpg,melanoma
fc7733410e4d456cb6d7e1ec13a7760c.jpg,melanoma
7db9f9ecb2984101a427d27dd2823619.jpg,melanoma
e2cb530b3ff44edfbe606afb88ee6b7a.jpg,melanoma
33f653ffb41244889a4bf05147c6206d.jpg,melanoma
874cc48e0f03466da6733a5b3d7cf572.jpg,melanoma
3e2a507f5821476e82cd0924cf298f92.jpg,melanoma
07722cba53d54c71a571b417618e39d6.jpg,melanoma
4605946f3e464928bc5653f97f46868e.jpg,melanoma
e3d1f7c42ec8461ca29c7b1ede8e1c66.jpg,melanoma
98bf2ff142444cdc850a686d94cfd686.jpg,melanoma
8926a0a9908142688bc571f5c49ac48d.jpg,melanoma
5c1392e717714325b474dcc1b0bfe220.jpg,melanoma
9df55f5eee3d4e6b8ef22d7c34cdc263.jpg,melanoma
d99bae5b6b0642d9b12af51274a8ecf2.jpg,melanoma
a5805d1a5d7749ec8b99e9c58d854d4e.jpg,melanoma
37a64a017d4643b4bb73425a6da7ff33.jpg,melanoma
55946005a1634a93a8a9bd1670792d7b.jpg,melanoma
a1633f67886c41db9fc6fa3eba97bbd8.jpg,melanoma
3b4a6f78ad494b1dbe30d4097c62fce9.jpg,melanoma
4bde39b1170641c2a34f2a5d5d31ab2c.jpg,melanoma
a0a4c81f16294f21914744084ed1c660.jpg,melanoma
bc2d3cced38a4e5ebab7e5e860862196.jpg,melanoma
cae92ba78ddc4e6b8ca0782960e10168.jpg,melanoma
dd70efc2bdf841e08bd53584e0f64280.jpg,melanoma
04466ef432e845ad86c0ef790a7e6f4e.jpg,melanoma
89c48d5b23d04c5ca7b553d613e5c8eb.jpg,melanoma
6bb41621275a4ac38ad8ae3a4bb8cd82.jpg,melanoma
24fdd0dabec04fcbacf19a2c805192bb.jpg,melanoma
daebdf1720a84023b4d116e21599d213.jpg,melanoma
74780c36bdbc45feb13f34d31c2bb3d4.jpg,melanoma
880aaef396e04867a5fd07afcff51d3e.jpg,melanoma
c3fd5814cba24b1caef9130be11929f9.jpg,melanoma
c87ae36dc9a04933912d7562ed5fbb7f.jpg,melanoma
95c3c2d5085f4196986b213228d5a2d5.jpg,melanoma
62638f7ffb3a40c9b47c9098e0dbe2cc.jpg,melanoma
ecfde90191d44a6ebfa50fa4238ab6e5.jpg,melanoma
d2fddb2a435245eb822ce1fad7f55a94.jpg,melanoma
476e26a7709f4e70ae4dfecc19cc5e32.jpg,melanoma
d55fda9242d14f2faca775367eb242ac.jpg,melanoma
f24dd1d75dec47c6b77665b8b902c82b.jpg,melanoma
0619223d032c4c22bc7824ce577b7cfb.jpg,melanoma
34f24ea31d844597bd07b920c90455fb.jpg,melanoma
a4cd48706e894260b51d62abb817a12c.jpg,melanoma
09ffd4126389455a9e3bd32647f4e3da.jpg,melanoma
4583b577ac0f4fe4aecfd9a47a271c9f.jpg,melanoma
3d20991838a84631999e355a3d566d09.jpg,melanoma
6e3d4ba0638c48a6b4f939e792de9eaa.jpg,melanoma
9e6094e44ada4a959b4a90626981e61c.jpg,melanoma
d3d6184dc982499198c09790a0fe8b1f.jpg,melanoma
f417ef991fd446a6a31697897c129d5c.jpg,melanoma
34496913316d430e9b575d9e7ebf3618.jpg,melanoma
4b0ecc5912bb4d638670c10c53f88aa1.jpg,melanoma
6b8a7297aaa64e07988317070d90db9a.jpg,melanoma
e313d2c8ee194d2b93f85f7bce02a7c0.jpg,melanoma
e467e653c0de47f79fe2e76cd83e561b.jpg,melanoma
2d09e5b5dd1646289ac2d6083632fc54.jpg,melanoma
5cc0eaa6d2ac4d0e83acd58992c5a2bd.jpg,melanoma
45f02e57ab434094929ce14e21581ed4.jpg,melanoma
ddb63c6e7c304512b66f6482c9f4456c.jpg,melanoma
5736dc4ea4964d669178b6f0e3fbe069.jpg,melanoma
2d98417be8454ddb80299ec2beee0652.jpg,melanoma
38b35d3db24949e697b993146ec64f90.jpg,melanoma
c9d3df24367d498798cb5a113e167bc3.jpg,melanoma
44f26a98350149668a8b79616f3c9da2.jpg,melanoma
7eb1eb3464794cc7b9b8ed69277eacb9.jpg,melanoma
3cb2d17d259e49cf805fec7c94ce581d.jpg,melanoma
0488ecb287314e448802b9ed7bcf3439.jpg,melanoma
c1a13514e6774d1da6754ad040b82603.jpg,melanoma
77d01e6c4a7048f8aebf2719887ecb6a.jpg,melanoma
d27a9153df044e1196b1d3c1223fd8f2.jpg,melanoma
f5afb1820cd24835afacfb9bd386f553.jpg,melanoma
f5631ba766f245a59a8ca1a6bdd6ab53.jpg,melanoma
ee84fd6debfe45cb92313d1fca00ce39.jpg,melanoma
857c0b47aee249bdb34ab8b1166fd861.jpg,melanoma
65258c4c31624a66bdc4d20fde2db3f5.jpg,melanoma
091dee638f7b478591014b5a11f1fbf3.jpg,melanoma
a1adb42b03d441e3a3ecdd7442bd59d1.jpg,melanoma
91036e43217040d494096d61e5e1e33e.jpg,melanoma
2ac6cb4b713e4466940c7814c4773e04.jpg,melanoma
ff59330db60645678168512941212f84.jpg,melanoma
5df8c39868c34b6797630ec9079fb4bb.jpg,melanoma
def22c43b5794446b1410a63f98caa93.jpg,melanoma
25deeaaf6a0d4bf4ad1ef8cf0dd77ccb.jpg,melanoma
331f6875f9c34cfcad7f2258fb16b96c.jpg,melanoma
5e3fac3fbc384fcfa789af09390e5a9e.jpg,melanoma
d7f97b1df5a94d0ba2f7b6d7cb392c5a.jpg,melanoma
492a9290b96245bab86868a31fee357a.jpg,melanoma
de926bc9d9f24b95984a936ceb307950.jpg,melanoma
a86d9da85c72423cbe6c59bd3ff7d67f.jpg,melanoma
351a169fe38c4034b14adefea48e5586.jpg,melanoma
b10a598ba02c44008f2342a56d347717.jpg,melanoma
adab7c2ba73645bea25aece07fbc54c6.jpg,melanoma
ead538082e254f73a8703a5d3cdbc15d.jpg,melanoma
5647cb568358494e9705d8dd0751248f.jpg,melanoma
8cd106a07e3d40e1b7c95fb43604285c.jpg,melanoma
57a18e1d571646a58beec4f4467fe992.jpg,melanoma
87dc4e1a6e3240edbc5e34cefc360162.jpg,melanoma
6531bd0b50834431bf34f853b65c6b08.jpg,melanoma
11dc0a825c9f4e0085522aa024b5d9fc.jpg,melanoma
a1d8961d9cd84592b9c4881f5268fbab.jpg,melanoma
8451922a113a41e1a0b9a3a61cb41a8e.jpg,melanoma
fced3dae1e964023bae5884ae773c259.jpg,melanoma
01362559b2cc4da19423623eca295fdd.jpg,melanoma
1464f9dd04274a4197803b3243ec6b3f.jpg,melanoma
4aa82c3be41b4b958667cfa2cba566a7.jpg,melanoma
5c29d24aec4c45779720f40a9db5d4c1.jpg,melanoma
6f76d0dc849847759c4ab1b8b2c102a3.jpg,melanoma
7399c222c7d847dcb08c9d25de33bc11.jpg,melanoma
bcd3bb04fa3c44c99ca16e259bb5b2e8.jpg,melanoma
fc8ad9af0d134c35a787f0158ef3c033.jpg,melanoma
e32a4767bbe849d5a537e662b91de5d4.jpg,melanoma
4ec07ce677554b86b9c54e1f23b3c02d.jpg,melanoma
91d00691aea2442aa77844f7af0d5e1b.jpg,melanoma
6c4095cbaaf140de9e1ef934cd85b17d.jpg,melanoma
7ce2f6669b68436794b7cb06e1745f0f.jpg,melanoma
987d0e33a7434c89a5d4bc7a83245702.jpg,melanoma
a88eb50ed1874bb7b734150d331158ce.jpg,melanoma
57858b36ea6c4354881f5cc96fee79ed.jpg,melanoma
3755a70b2d78402ab1d122c92ca4fcd4.jpg,melanoma
34f89be7f47847f998a61edbaac72857.jpg,melanoma
20ecb298961e490d96bde632b04a49d8.jpg,melanoma
50d104e04be247afa75fee59b0f70b42.jpg,melanoma
a616ba1ff77c4045b80fbd7ac3462918.jpg,melanoma
79bb2a94ccb94468953632a22240994e.jpg,melanoma
6ba9b192d3204080947fa704f29dd541.jpg,melanoma
fd17ae62e397488ca907395524242ce3.jpg,melanoma
a0ef7257a22b43b0ba6a691234070944.jpg,melanoma
a7808703c5bb4e0cbce27acf3e6e1875.jpg,melanoma
e2c264d28c3448108107fa83fa7eb7a9.jpg,melanoma
49cd1ab157664e73b6495e78ec229a95.jpg,melanoma
06e8f6d00e894b7fa7da916496f0a25c.jpg,melanoma
5677245d973f46709126bb17b2695161.jpg,melanoma
3e457b43ba1b4d46824a91d474c28ce8.jpg,melanoma
7c7e0f6738784006bc76cbdae3921a4b.jpg,melanoma
a1f8dd3862654b809e140105a685dbbe.jpg,melanoma
0f8d6521be5546a9aa3b7d49898137d7.jpg,melanoma
bdc3f66f2dc449b48c4ec22c29db1ce7.jpg,melanoma
237b8601d9a140409fc3e7d75b4a2cf1.jpg,melanoma
80c7a43759b24c3c9b43d840ef8c04d3.jpg,melanoma
033432994c8d4c8db94aed00c6cfc7d9.jpg,melanoma
0e5ac98040ed4a18a91cc7e9fea0d4c6.jpg,melanoma
49521700e4b54c1b92b53ddcf8ab6f2a.jpg,melanoma
531f35654db44586af77920f952922df.jpg,melanoma
fd9ea274d1bd4b6c929bfa02b4644dfd.jpg,melanoma
838038f85a904e9abd78394863e6ca50.jpg,melanoma
6fb53f66b8a442ab9752620a15db230d.jpg,melanoma
d3e9b47377d24d82a4ea42d819dbda2b.jpg,melanoma
4f3045eab4e64c07b26dc7ae13392c5d.jpg,melanoma
812ccf678d1740da85282bf569888af2.jpg,melanoma
17411f69e8da4e9db74186424fabcf0f.jpg,melanoma
4bd751c389ee46959b207d05027f1087.jpg,melanoma
5cf7c093fe4e408e8938e8c1f6cf5806.jpg,melanoma
ccb8e7de3f94442b997cad90754ed490.jpg,melanoma
7f3743c857694c5dbd8cee5c282ce60b.jpg,melanoma
8dd8511c7b6e4c9897a43c1d30043fc8.jpg,melanoma
7959c674ff8b49b3bc9acf235e31e271.jpg,melanoma
136f2da391f44dbd875679a65dfe45cc.jpg,melanoma
010cbf5a2474447ca6f7d1751cb56fbf.jpg,melanoma
cd9a88a2004247acb22162d267d31650.jpg,melanoma
4ba9c978ed8b47049eeb099ff123972c.jpg,melanoma
c5825ce8435d4b29826c43465d0b8658.jpg,melanoma
1aefa052fff94415b8000b5900f54955.jpg,melanoma
76d2fc1580534426bc54f79f65e6f0b8.jpg,melanoma
600957f7170f4b4f89d66516f09ba311.jpg,melanoma
9241108d8efa4785a76665566f581f85.jpg,melanoma
b6708a83a60e47dda345aa809dea9f43.jpg,melanoma
5c6b725ee36a464483322335904c285f.jpg,melanoma
60a475f84f4d4d4bb840bee61854b840.jpg,melanoma
2b5837c8526e47a8afcd8dc4eed490c6.jpg,melanoma
51ee0d5c73cf4ce182de84879fab971e.jpg,melanoma
bbc816bb09db48e295c1760377409404.jpg,melanoma
21fa3e70a804450fa3e4eba2d1badacc.jpg,melanoma
881035c012e84670965372ed9483b246.jpg,melanoma
eb642be8d40f483c9e9d50c6402fd220.jpg,melanoma
36509e54680c48bca58d81173d52977b.jpg,melanoma
3a62797c3fa44d4bac45538f8cc35bda.jpg,melanoma
662800c4375b4c2285955f912363c43c.jpg,melanoma
697f4f46f16d4bb190f7227da1e2a786.jpg,melanoma
928778c6674f4185bcc489752e903f42.jpg,melanoma
2ddf30ba2ac94662a9846df01c651383.jpg,melanoma
9ec62f9fb2d440868e46fb07ebb0a202.jpg,melanoma
a8ad741876c44b2da17d86957eaf1a37.jpg,melanoma
9bbdce991b76475f9dcaffeff5005446.jpg,melanoma
37e37f00419b4af6b845e3ab9dc03b65.jpg,melanoma
4f53cf3205004f3797a2652518f97dd7.jpg,melanoma
c457e49e864945b5b635b1eb736be46e.jpg,melanoma
aa9263c0c725456fb67c3a09e89843b6.jpg,melanoma
3f1406577ff84a4d95172a7ca5aebb7b.jpg,melanoma
f6b1062063eb4cdcad3c7b18682f2c02.jpg,melanoma
22cb6f9e1e1149e3bc88a92833d8ff92.jpg,melanoma
7a0bf1ed87274f23833b3a31241e19ad.jpg,melanoma
0b2ac2befae0436dae287fed760455f8.jpg,melanoma
7ead5bf30dae4ed19ccd65523d5e95f3.jpg,melanoma
7cd93ed4b15d46a29840eee54e52041c.jpg,melanoma
11447e5355234a5bab319c5883d37c4a.jpg,melanoma
0a855db156c240f180cbb9b34959df57.jpg,melanoma
cf2ea54a712545aaad57e604b042c91b.jpg,melanoma
708236682dca4566976270ad00b86705.jpg,melanoma
6e3e1945a0cf480fb887b5e2555cf986.jpg,melanoma
a0aff56aa69b481597bce165be0f4910.jpg,melanoma
2e5e8f793d2a49c4a82371df743d571e.jpg,melanoma
684a680f6ef3498fa979e716038d4955.jpg,melanoma
0d29c1fcb5764680afee4ba9139b2e3f.jpg,melanoma
34a152bbe1944436b87680e6f6bbdf20.jpg,melanoma
f627d3676d69460c859362232bf5e4ca.jpg,melanoma
ed87ade8648f4cf6ba999696f0f8560b.jpg,melanoma
929ee07ed9cc44429074d787cc06a7bd.jpg,melanoma
0ec4cd6173a144039d7b5790acf28d39.jpg,melanoma
bad26f5dc2064889a5b88b36a3dc5348.jpg,melanoma
2b3256862b4442bab716c25f8c34b4a3.jpg,melanoma
111fbe5fac2048d6b0bf23363b73a1fa.jpg,melanoma
4c5407eef23541dd8785ab5ff5a5436d.jpg,melanoma
a58423ca298947f48eae5da8fb42f22e.jpg,melanoma
324e87093a14440c9002aff3343ec327.jpg,melanoma
a55f0ed0aab04d54a230acdbadc4ac0b.jpg,melanoma
4f1566fa51024f42913aed40a853b0fc.jpg,melanoma
d886a056be744acf9f066cab8658ff76.jpg,melanoma
23740b1d1b8048fca6eb0ce424b8a7ba.jpg,melanoma
8457ac73a568483b964f7bb7888888a1.jpg,melanoma
e0f9f55a944a4a28a97fd81e787b7b3f.jpg,melanoma
bc10f2692f4c423fafab9d6c00d7226d.jpg,melanoma
ce33bdefdfd94902bcabb81801de2bf1.jpg,melanoma
3ad3f2ccd4a04df7825f050bb7663c65.jpg,melanoma
2ddeb1907abd40e88be6eacb56bffedb.jpg,melanoma
062b76f58cd2408eaa218dff1bc0b25b.jpg,melanoma
e3c13316188f4a81a333f487f4227781.jpg,melanoma
30a69fb57002467ebe50167ed74232e7.jpg,melanoma
f15914dd8657479d8120d7396746f8cb.jpg,melanoma
ce5e15c0840949f79c1dc2fe94a744ce.jpg,melanoma
f4935affc1644df0bfae8790af8b0a6e.jpg,melanoma
84597abcdb15406db912091ef40a6794.jpg,melanoma
94fa6196f7a645bfbc49e8d447accbec.jpg,melanoma
36927fce53984b998b1a6c45b579e667.jpg,melanoma
646ef9f574c54ff4a8c65df62b001fab.jpg,melanoma
a538b468c7cb4cfe94122482e5ac8630.jpg,melanoma
3b8b8182fe01454fb40ccd4efde64027.jpg,melanoma
5039f321184e4c5699f3bfa6f913d0ed.jpg,melanoma
b73715d580954065848592adb452321a.jpg,melanoma
a9f0aade269e44dbacb55d3f888be0ec.jpg,melanoma
31c349fec075431ab4d1fa3957bc648e.jpg,melanoma
8d75b2817ada405aa9cc558b41495acf.jpg,melanoma
c21973f8a3214913b969aba7cc3cf1df.jpg,melanoma
17d681870be2479cbfc4b3254d63aad0.jpg,melanoma
2b72f98b6b974b7f9fbd86f18d70f2e7.jpg,melanoma
